worker_id,Q0,Q1,Q2,Q3,Q4,Q5,Q6,Q7,Q8,Q9,Q10,Q11,Q12,Q13,Q14,Q15,Q16,Q17,Q18,Q19,Q20,Q21,Q22,Q23,Q24,Q25,Q26,Q27,Q28,Q29,Q30,Q31,Q32,Q33,Q34,Q35,Q36,Q37,Q38,Q39,Q40,Q41,Q42,Q43,Q44,Q45,Q46,Q47,Q48,Q49,Q50,Q51,Q52,Q53,Q54,Q55,Q56,Q57,Q58,Q59,Q60,Q61,Q62,Q63,Q64,Q65,Q66,Q67,Q68,Q69,Q70,Q71,Q72,Q73,Q74,Q75,Q76,Q77,Q78,Q79,Q80,Q81,Q82,Q83,Q84,Q85,Q86,Q87,Q88,Q89,Q90,Q91,Q92,Q93,Q94,Q95,Q96,Q97,Q98,Q99,Q100,Q101,Q102,Q103,Q104,Q105,Q106,Q107
312,5,3,6,4,7,2,4,7,5,2,6,4,3,1,5,2,2,6,4,4,5,3,5,3,2,5,3,3,3,3,2,4,2,3,4,4,3,2,7,5,4,5,4,5,2,4,4,5,2,3,3,2,6,2,7,7,4,3,2,5,4,3,4,2,3,2,5,5,2,1,3,2,6,2,4,5,4,1,3,3,6,4,2,3,4,5,5,6,5,3,6,4,4,3,1,5,3,5,3,3,4,1,2,1,2,4,7,2
313,5,7,6,4,7,1,2,1,7,4,7,6,5,1,5,2,3,5,4,5,5,4,6,3,5,5,4,2,2,3,3,3,2,1,2,7,6,3,4,4,2,5,4,1,1,4,4,4,4,6,2,2,4,3,6,4,2,4,1,4,2,5,5,3,3,4,6,3,3,5,5,4,3,3,2,4,5,2,2,1,4,1,7,3,4,3,3,4,3,3,6,5,3,6,3,6,2,6,4,4,5,3,4,2,5,2,6,5
314,2,2,5,5,3,4,4,7,5,4,4,3,3,2,3,2,4,3,4,3,4,5,5,4,2,3,5,4,6,2,3,5,4,3,5,4,6,5,3,5,3,6,5,6,2,4,5,3,6,4,4,4,6,3,3,5,4,3,3,5,5,3,4,3,2,4,2,5,4,5,6,4,4,3,4,5,2,4,1,3,3,4,6,3,4,1,5,4,3,3,3,4,4,6,7,4,1,6,1,4,2,3,3,3,4,1,7,2
315,3,5,5,5,7,2,5,1,5,2,7,4,2,6,4,3,7,4,3,3,4,3,7,5,5,5,3,1,5,2,6,7,5,4,3,4,2,3,5,7,1,3,2,4,6,5,3,2,7,7,3,3,3,2,7,2,2,2,7,4,2,3,2,5,4,2,6,3,4,5,5,4,4,5,3,3,4,2,3,6,4,3,4,3,2,3,5,5,3,2,1,6,4,2,6,4,2,2,4,3,6,1,4,2,2,2,7,6
316,2,2,5,7,1,4,4,6,5,2,7,5,2,6,2,3,7,3,3,3,4,5,4,5,5,1,5,4,6,4,3,6,3,6,2,3,6,5,1,4,1,2,2,5,2,7,4,3,7,6,3,3,4,4,4,5,3,3,5,4,4,3,5,2,4,3,5,5,2,4,7,4,3,3,4,4,4,2,4,2,1,4,7,7,3,5,4,4,3,3,4,3,7,7,5,6,3,3,7,3,4,3,5,3,4,2,1,4
317,4,6,2,5,6,1,4,3,4,1,3,5,3,7,4,7,6,6,2,3,6,3,2,3,5,2,5,3,2,3,5,4,3,4,2,4,5,3,2,4,6,2,6,6,3,2,1,1,5,7,3,5,2,5,3,6,4,1,6,7,7,5,6,5,5,2,4,4,3,2,6,3,2,1,5,4,5,3,2,7,5,2,2,4,4,7,1,3,6,6,2,5,5,3,4,3,5,5,7,3,3,3,2,4,3,4,5,1
318,3,2,6,5,2,2,2,1,3,2,6,4,3,6,4,3,5,4,5,2,4,7,4,3,6,3,4,7,6,2,3,4,2,2,1,5,6,3,3,6,2,6,6,5,5,2,5,5,6,5,3,2,5,4,6,2,3,1,6,4,4,4,7,4,3,2,4,1,2,2,4,4,3,2,3,3,6,4,7,2,2,5,7,2,2,5,4,6,2,2,5,4,3,6,3,5,2,7,3,2,2,3,2,2,4,2,3,3
319,1,1,2,5,4,2,7,5,4,2,3,6,2,5,4,3,5,5,4,1,6,4,6,2,4,3,6,4,3,5,1,3,4,3,2,4,7,1,1,5,3,5,2,7,4,1,2,5,6,2,2,5,7,3,4,6,6,1,4,4,2,4,7,1,3,4,6,4,2,5,7,4,6,4,2,5,3,5,3,1,1,1,6,2,4,6,3,3,5,4,7,4,4,7,3,6,1,1,7,3,1,2,4,4,6,2,5,3
320,1,7,5,3,1,2,4,1,6,3,5,6,2,3,5,4,4,4,2,3,3,5,6,5,2,2,3,4,3,3,3,4,3,2,4,7,2,1,4,3,5,2,2,2,2,6,2,3,4,5,2,3,2,6,5,6,3,1,4,7,6,2,6,5,3,1,4,6,3,6,1,4,1,5,3,5,5,3,4,4,7,3,7,4,4,5,2,6,3,2,6,2,4,2,4,3,1,7,7,3,4,2,3,4,4,1,6,3
321,5,3,4,6,3,5,4,7,5,5,5,5,2,5,4,4,4,5,5,4,2,4,2,2,2,3,4,3,5,3,3,3,1,2,2,5,4,6,7,3,1,5,3,6,3,5,2,6,4,5,5,3,7,1,5,1,2,2,5,5,4,5,5,1,3,3,4,3,3,4,4,5,7,5,6,5,4,2,2,1,4,4,1,5,4,6,4,6,3,2,6,1,4,5,4,6,4,7,5,3,4,4,5,1,3,5,7,4
322,2,4,5,5,4,2,4,1,3,4,5,5,3,1,5,3,7,6,7,5,2,4,1,4,3,1,4,1,4,4,3,5,3,1,2,1,5,2,3,5,3,4,2,3,6,2,3,2,6,7,4,3,6,4,5,3,5,1,2,3,2,2,4,2,6,5,5,2,3,5,6,3,5,1,2,4,5,5,4,4,5,2,3,4,3,1,3,2,5,2,4,5,5,5,3,4,3,4,3,1,3,3,2,6,3,2,6,3
323,2,5,6,5,2,3,4,2,3,4,3,2,2,7,6,6,3,6,6,3,5,3,6,1,4,2,6,3,5,3,1,3,4,3,3,5,2,4,3,6,4,3,3,3,5,6,4,4,3,5,4,1,4,2,6,4,4,2,6,4,5,3,6,3,4,5,7,4,2,4,3,3,5,3,3,5,3,6,3,1,5,3,1,1,1,6,4,3,4,2,6,6,4,1,1,4,1,5,3,1,2,2,2,2,3,2,4,2
324,3,5,1,4,1,3,6,4,3,1,3,5,4,4,3,2,3,3,3,5,3,5,7,2,2,1,3,3,4,3,5,4,1,2,2,7,6,4,5,4,4,5,2,3,6,2,2,4,6,4,5,4,6,4,5,4,3,4,2,3,3,2,3,1,2,4,7,4,2,5,7,4,4,3,2,6,5,4,3,6,5,3,5,4,2,5,4,5,6,4,1,4,5,3,4,2,4,1,3,1,2,2,1,2,7,4,4,4
325,3,2,6,7,4,4,3,5,3,3,6,4,4,3,6,3,6,4,2,4,3,4,6,4,4,2,6,3,5,1,3,5,4,4,4,1,4,2,4,7,4,4,4,5,4,1,3,1,5,5,2,3,5,3,3,4,6,2,7,5,6,3,3,4,2,2,3,7,1,7,5,2,2,1,2,2,3,5,4,4,4,2,4,5,4,2,1,3,2,5,6,5,6,5,1,5,4,1,2,2,5,1,1,1,3,3,1,4
326,2,2,3,3,6,3,5,3,4,4,5,2,4,7,6,1,5,6,7,3,4,5,5,4,4,4,4,3,3,2,4,4,4,3,5,6,2,4,7,5,3,3,3,5,1,5,4,3,6,3,4,5,3,1,4,4,5,3,5,4,7,1,3,4,4,3,5,5,4,4,5,2,1,2,2,5,7,4,4,4,5,3,4,5,5,7,2,5,4,4,1,5,4,2,3,4,1,3,5,4,2,6,3,3,2,1,7,3
327,3,3,5,4,4,1,4,1,5,4,5,3,3,3,3,2,6,4,4,3,4,4,5,3,4,5,1,2,3,4,3,2,2,2,4,3,4,3,1,3,3,4,1,7,3,6,2,6,6,2,2,5,5,2,5,4,2,4,4,4,3,4,5,3,4,2,3,5,4,4,6,1,6,4,3,6,4,3,2,3,2,2,3,5,5,1,2,3,4,7,3,7,4,3,5,4,3,5,6,2,3,1,4,2,3,1,7,4
328,3,2,7,4,4,2,5,6,5,2,6,4,5,6,7,6,6,7,6,3,6,6,2,1,2,2,4,4,5,2,3,5,2,5,2,1,4,3,5,6,3,2,3,5,5,1,1,5,3,7,3,2,2,4,3,4,5,3,5,3,6,2,6,5,3,2,3,7,2,4,4,4,3,3,3,4,6,1,3,4,1,3,2,5,4,2,4,5,7,3,1,6,4,3,2,4,2,6,1,5,3,2,2,3,6,4,3,2
329,2,3,5,6,6,1,4,7,4,3,4,4,4,1,5,5,4,6,5,3,5,3,7,6,4,2,4,4,2,3,5,5,2,2,2,5,1,2,7,5,5,5,7,5,2,6,3,5,5,3,3,5,3,3,4,3,3,2,5,4,2,3,4,4,5,2,4,3,4,5,5,1,7,3,2,5,5,3,3,5,6,3,2,4,3,6,4,6,2,3,1,3,3,1,4,2,2,2,5,6,2,3,2,3,3,3,1,4
330,4,3,6,2,7,5,4,4,3,2,3,5,2,6,3,6,5,3,1,3,3,1,7,6,4,2,4,2,5,1,5,1,3,2,2,4,4,3,1,3,5,5,5,3,6,6,6,4,6,2,3,3,4,7,4,5,5,3,7,5,6,4,5,3,5,3,5,4,2,4,5,5,4,4,2,4,2,2,4,4,4,3,6,4,2,5,5,6,3,3,1,4,3,4,3,4,4,7,1,3,5,4,4,3,3,3,3,4
331,2,4,6,7,4,3,2,3,3,3,2,5,6,2,4,2,6,6,5,4,6,6,4,3,4,1,4,2,5,6,3,6,2,5,2,2,4,3,1,2,5,6,2,4,2,7,2,5,6,2,4,4,3,5,2,2,6,6,1,6,6,5,5,4,5,2,3,5,1,3,6,6,5,6,3,4,4,4,4,4,2,2,4,5,3,2,6,3,3,4,5,3,6,5,5,4,3,6,1,3,3,2,5,2,2,4,6,4
332,3,3,5,4,7,2,6,1,5,4,6,4,2,1,3,6,4,3,4,2,2,6,1,5,3,5,4,2,5,3,4,6,2,5,4,5,4,2,2,4,6,4,6,6,2,6,2,3,6,6,2,5,7,1,7,5,5,3,4,3,4,3,5,4,3,2,6,4,2,6,5,1,3,6,3,7,1,4,1,3,5,4,4,5,4,3,3,5,5,2,1,3,7,6,6,4,4,7,6,4,3,2,3,2,2,3,4,2
333,5,5,5,6,1,4,4,6,6,4,6,7,2,3,5,3,1,5,3,2,4,5,2,2,5,2,3,2,6,4,3,4,5,3,2,4,6,3,1,7,2,6,2,6,4,1,3,4,5,5,4,3,5,3,6,4,6,2,2,3,6,6,5,2,5,2,6,5,4,3,4,1,3,4,3,4,4,2,2,3,4,4,1,6,1,4,2,2,3,6,1,5,2,5,3,3,6,4,2,2,3,3,4,4,5,6,3,3
334,2,3,4,6,5,3,4,5,4,1,5,3,5,1,3,4,3,5,4,3,2,4,7,4,1,4,4,2,3,4,5,6,4,2,5,5,7,2,2,4,5,4,4,4,4,1,4,6,3,4,1,5,7,2,6,6,4,5,6,4,3,2,4,1,5,5,4,4,5,4,3,3,5,3,3,4,4,4,4,4,1,4,3,3,4,7,4,2,6,3,4,5,1,6,3,5,1,2,7,6,5,5,3,2,2,3,6,4
335,4,5,2,2,7,3,5,5,4,2,4,4,4,2,3,5,4,5,6,4,4,7,3,5,3,4,5,2,6,1,5,4,3,2,6,7,3,1,5,3,3,5,2,4,6,1,2,2,3,2,2,3,4,6,5,3,5,4,7,3,2,1,4,2,3,2,5,5,1,4,1,1,4,1,5,2,4,3,1,6,4,1,1,1,1,2,1,5,5,4,7,5,5,4,1,5,5,6,7,2,5,2,4,3,2,2,3,3
336,2,6,3,6,4,1,3,3,4,3,3,6,2,6,6,2,5,5,1,1,4,4,7,4,2,4,6,3,4,4,4,4,2,3,6,6,3,4,1,6,3,4,2,2,5,4,5,3,2,5,1,5,3,5,3,3,3,6,2,4,4,4,5,4,4,2,5,4,3,6,1,3,7,5,4,7,5,6,2,4,2,4,3,6,2,1,2,4,5,3,6,5,5,1,3,3,2,2,4,2,4,3,3,4,6,4,6,3
337,3,3,2,3,2,4,3,6,6,5,7,5,2,6,4,3,4,4,3,2,5,5,6,6,2,2,2,2,5,1,3,4,2,3,3,7,5,4,6,1,2,5,4,3,7,2,4,5,4,2,2,2,5,3,4,3,5,5,4,4,4,3,3,2,3,2,5,4,6,5,5,5,5,3,1,5,5,4,3,3,2,1,5,3,5,1,4,6,4,3,2,3,4,5,2,5,3,6,1,1,2,5,2,4,5,4,3,2
338,4,5,6,4,2,4,5,1,6,3,6,4,3,7,7,6,5,6,3,3,4,2,1,2,6,4,4,5,5,5,2,4,4,4,3,4,1,3,6,6,1,6,3,4,1,4,4,4,3,5,3,2,3,3,3,5,5,1,2,2,4,7,5,5,4,5,4,3,2,5,3,4,6,3,3,5,1,2,2,3,4,4,6,2,4,1,3,3,6,3,2,6,2,3,2,5,2,5,3,2,2,2,2,6,6,2,3,4
339,5,2,3,4,2,4,4,5,5,2,5,4,1,3,3,1,2,6,5,2,4,5,7,5,1,2,4,2,5,3,6,7,4,3,1,4,6,1,4,4,4,6,1,4,6,2,2,5,7,5,2,2,5,4,4,6,4,3,3,7,6,2,3,3,3,1,3,7,2,6,6,3,1,2,3,6,5,3,2,4,5,3,2,3,6,6,4,6,3,2,6,3,4,5,4,4,2,4,7,3,3,4,2,2,4,3,4,4
340,3,3,6,6,5,2,3,6,4,1,2,6,4,5,3,2,5,5,6,2,6,4,4,1,6,1,4,4,5,2,3,4,4,2,5,6,3,2,4,4,6,2,4,3,4,6,2,3,6,5,4,4,3,1,4,3,5,2,2,7,5,4,5,5,3,3,4,5,2,5,3,3,1,2,1,4,5,2,2,5,6,2,7,3,2,3,2,5,3,2,3,6,5,4,4,5,3,1,3,4,4,3,2,3,5,1,3,4
341,3,5,3,5,2,4,3,2,4,4,5,6,4,3,3,5,3,4,2,3,4,1,6,7,5,6,4,3,5,4,5,3,4,1,3,5,6,2,3,5,4,5,6,4,7,2,1,4,5,4,2,6,5,3,4,2,5,2,5,5,4,5,4,3,2,4,5,4,2,4,6,2,5,4,3,4,3,4,3,6,5,3,1,4,6,3,5,4,7,2,2,2,4,7,4,4,3,4,1,3,4,2,2,3,4,3,2,3
342,3,2,5,6,3,4,4,1,5,4,4,3,5,3,4,2,1,6,6,4,5,2,4,3,2,3,2,5,3,5,6,5,1,4,2,6,6,5,4,5,4,7,1,7,3,4,4,6,4,5,1,6,7,5,5,5,4,6,7,4,5,2,5,2,3,1,3,5,3,5,6,5,1,5,3,6,4,2,1,3,7,3,3,5,6,4,3,3,5,1,7,3,4,5,6,6,3,1,5,4,2,4,2,2,4,4,7,2
343,5,5,3,7,7,2,4,6,5,2,4,6,6,3,6,4,6,5,4,3,4,3,5,4,3,5,3,4,3,2,2,3,4,4,2,6,4,2,4,4,4,4,4,5,4,5,2,2,3,3,1,2,4,3,3,4,5,5,1,3,5,4,6,4,6,2,4,5,2,6,3,1,6,4,4,4,4,3,5,3,7,2,4,5,4,2,4,2,2,2,7,5,4,3,2,6,2,6,1,5,5,4,2,2,4,3,2,3
344,5,3,4,1,6,5,4,5,2,5,4,3,3,2,4,3,4,4,6,4,4,3,6,2,2,2,4,1,4,3,3,5,2,5,3,1,4,3,4,7,3,4,2,5,2,5,4,4,6,5,5,3,3,2,6,3,4,4,7,7,7,3,7,5,2,2,1,6,3,6,5,1,3,2,4,4,2,2,4,3,2,3,3,6,5,6,4,4,2,4,7,5,6,4,2,6,3,4,3,2,4,5,4,2,4,4,1,2
345,3,4,2,4,7,6,3,3,3,2,6,4,2,1,4,5,2,6,2,2,4,3,5,3,2,2,4,2,4,3,6,4,4,3,2,5,3,2,6,6,2,4,2,5,7,3,3,4,6,5,3,2,1,1,6,3,4,2,5,3,6,2,5,3,2,2,5,3,1,4,2,3,6,3,2,4,5,2,2,4,5,4,3,3,2,5,3,3,5,3,1,3,7,4,5,4,4,4,7,4,1,5,1,3,4,2,3,1
346,3,2,6,2,6,5,6,5,6,1,5,3,2,6,3,4,2,6,6,4,5,5,3,1,6,2,5,3,5,3,7,6,2,3,4,7,5,2,5,5,3,4,2,5,5,5,2,5,3,5,3,4,6,4,6,7,5,2,4,6,6,4,5,4,6,3,7,7,5,5,5,3,2,2,3,4,4,4,2,6,4,3,7,5,2,6,3,4,3,2,3,5,4,5,5,2,2,7,1,7,4,1,2,2,7,3,4,4
347,5,4,7,4,3,4,5,6,7,3,4,3,6,6,5,3,2,4,4,5,4,2,2,4,5,4,6,2,3,2,3,6,5,5,5,7,4,2,3,5,4,4,2,4,7,2,5,3,4,5,4,1,5,4,6,3,4,5,7,4,6,2,5,4,2,3,4,4,3,5,3,1,7,4,2,3,3,3,3,4,5,4,6,3,1,4,3,2,3,6,5,5,4,5,1,5,3,5,5,4,2,2,3,5,6,2,2,4
348,3,1,4,7,6,2,5,5,5,2,3,3,2,3,4,2,7,6,3,1,3,2,6,4,2,3,4,6,4,2,1,6,1,3,3,3,5,1,7,6,2,6,5,5,6,3,4,2,4,6,1,3,6,3,5,3,7,2,2,3,6,6,5,5,3,2,4,4,2,5,6,3,6,3,2,6,4,1,6,3,3,4,5,4,3,4,1,5,5,5,2,5,3,5,3,3,4,2,5,2,4,2,2,3,6,5,6,3
349,6,5,3,4,6,4,4,4,4,3,4,3,2,3,6,6,5,6,4,2,2,4,5,3,1,3,4,2,5,5,4,5,3,3,1,5,5,4,6,1,3,4,2,5,7,5,2,7,6,6,4,3,2,5,6,5,2,2,5,4,6,6,3,2,7,2,4,4,4,4,3,3,6,2,3,3,5,5,3,2,3,3,1,4,2,2,3,3,5,6,1,5,6,6,3,3,6,5,7,2,4,2,3,1,5,4,6,3
350,6,4,4,5,7,5,3,7,4,5,5,6,4,3,6,4,3,4,3,1,5,6,3,7,3,2,4,4,4,3,1,6,3,2,3,5,2,2,3,4,6,3,5,2,7,3,3,5,6,5,1,2,2,5,3,4,4,4,6,4,5,2,6,4,3,2,3,3,4,5,7,1,7,4,3,6,4,2,4,3,4,2,2,7,1,5,3,4,4,2,2,3,5,2,2,4,4,2,6,5,3,2,1,4,2,4,7,3
351,2,3,5,5,7,4,2,6,6,3,2,3,6,5,1,2,3,2,4,5,3,3,7,3,4,1,6,1,2,2,3,2,3,2,4,5,2,3,5,4,4,6,4,4,3,6,5,4,1,1,3,5,3,1,1,2,5,4,3,3,4,5,3,5,4,3,4,6,2,4,3,2,4,2,6,6,5,6,4,5,1,3,5,6,3,6,2,6,2,3,3,6,6,3,7,4,2,6,1,3,3,3,2,2,4,1,7,2
352,6,5,5,5,4,4,4,5,3,3,6,2,1,5,7,4,2,4,4,2,5,6,3,2,1,3,5,3,5,3,3,4,2,1,4,2,4,3,1,5,3,5,4,2,5,5,3,6,5,3,2,2,3,3,6,6,6,5,1,2,4,3,3,4,3,4,5,2,2,5,6,2,3,2,4,2,5,2,2,2,2,4,1,6,3,2,2,7,4,4,4,5,6,6,2,4,3,3,1,3,2,2,3,4,6,4,3,4
353,5,4,1,6,7,2,4,3,5,4,7,6,5,4,4,6,4,7,6,5,5,5,6,3,1,2,6,4,4,3,3,4,2,1,2,1,6,5,4,7,5,3,5,3,4,4,2,5,6,3,3,4,6,2,2,5,3,2,6,2,7,3,5,6,2,3,4,6,3,5,3,3,4,2,2,7,6,3,4,2,4,2,5,6,3,6,2,6,3,1,3,3,3,6,1,3,1,5,4,3,3,4,2,1,5,1,4,5
354,1,3,5,5,7,1,3,7,3,2,4,2,4,6,5,5,4,2,3,6,5,4,7,4,1,5,4,4,4,2,3,4,2,4,3,4,6,3,5,6,3,5,3,7,5,5,3,5,3,4,2,5,5,3,2,5,5,1,7,3,4,3,4,4,3,1,6,4,4,4,4,5,2,3,2,4,3,2,4,3,3,6,1,6,6,2,4,4,4,4,7,4,4,4,4,5,4,6,6,2,2,2,6,6,4,3,3,3
355,6,5,3,3,4,5,5,7,3,4,6,4,3,2,5,3,5,3,4,2,2,3,4,2,4,3,6,2,4,5,4,3,4,5,1,6,3,3,4,4,3,3,2,3,4,5,1,2,7,4,4,5,4,3,4,3,3,4,5,6,6,4,5,6,3,2,4,6,3,5,4,2,4,5,3,4,5,6,4,3,3,4,2,3,3,2,3,6,4,5,6,5,2,3,7,4,4,5,4,2,3,5,5,2,5,1,5,3
356,3,3,2,6,6,3,7,3,4,3,1,4,4,3,5,5,3,6,6,2,4,6,6,5,4,3,4,6,5,2,2,3,5,1,4,7,3,2,3,4,1,5,4,3,6,5,5,7,5,5,2,3,3,1,6,6,5,2,2,5,7,5,4,5,4,4,4,5,4,3,6,3,2,2,4,5,4,4,3,2,3,5,3,2,2,2,4,3,5,2,6,3,4,5,3,7,2,6,3,5,3,3,5,5,5,1,4,2
357,5,4,5,4,4,4,4,6,2,4,4,3,4,2,6,2,4,5,2,2,6,5,1,2,2,3,3,3,3,3,1,5,3,3,6,6,5,2,4,3,4,3,4,4,7,6,3,6,5,4,4,3,2,2,3,4,4,2,1,4,3,3,5,5,2,2,4,4,4,4,4,2,2,3,3,6,5,3,4,6,4,3,4,2,3,5,3,5,4,5,1,4,2,7,2,3,3,6,5,3,2,1,3,3,3,2,6,6
358,2,1,1,2,6,5,5,6,5,5,3,4,3,6,4,3,6,5,5,2,6,6,1,1,5,2,3,3,3,2,6,5,3,3,2,2,5,4,2,4,3,3,2,2,3,2,4,4,7,7,4,2,3,3,5,2,3,2,3,6,6,5,3,4,5,5,7,4,5,5,6,4,3,2,3,3,6,2,5,3,1,2,1,1,1,5,3,5,5,3,1,3,2,5,4,6,1,2,7,2,6,5,3,3,6,2,7,4
359,3,4,7,7,7,3,7,1,3,2,4,5,2,5,6,3,5,6,4,4,4,6,1,2,3,1,6,1,5,4,5,5,4,1,2,6,5,4,7,6,3,5,2,4,6,4,3,5,4,3,2,2,5,4,5,5,4,3,6,4,4,1,7,4,7,4,5,3,3,2,4,6,3,5,2,6,3,2,3,2,1,2,7,5,2,2,5,2,2,2,3,4,7,4,2,6,5,5,3,2,2,5,2,4,6,5,7,2
360,6,4,5,6,4,4,3,7,6,2,2,6,1,5,4,3,5,4,2,2,4,4,3,2,6,2,6,6,4,3,1,4,1,3,3,3,6,1,4,5,3,3,1,5,5,6,2,5,6,6,2,6,6,2,4,4,6,3,3,4,4,1,3,2,4,2,6,5,2,7,4,1,6,2,2,3,7,4,4,2,7,2,4,5,2,7,2,4,7,3,5,6,5,7,4,3,6,2,2,3,2,3,4,2,5,3,7,4
361,4,4,4,2,2,3,7,5,5,2,5,5,2,4,3,3,4,4,4,4,5,5,4,5,5,4,5,4,5,2,2,7,2,3,2,2,2,4,2,3,5,4,3,4,4,4,5,5,2,4,4,6,2,2,4,5,1,4,2,3,1,3,7,4,2,4,2,3,2,6,2,5,2,2,3,4,5,2,4,2,1,4,4,7,1,1,2,5,5,1,5,4,6,2,6,5,4,4,6,4,2,4,3,3,6,3,6,5
362,2,2,5,5,2,3,6,6,3,3,2,3,4,6,4,2,2,3,4,1,4,4,1,2,3,2,4,3,5,1,3,7,4,2,3,3,2,2,3,6,3,2,3,2,2,6,2,2,6,6,2,1,1,4,4,5,5,3,1,4,2,5,4,2,4,1,3,5,6,5,3,4,5,2,5,5,2,3,2,5,7,2,1,3,4,5,2,4,4,5,7,4,6,6,6,5,6,1,5,3,3,4,3,5,6,2,4,6
363,2,5,2,5,4,4,7,7,6,5,4,5,2,5,6,5,3,2,5,1,6,5,2,2,3,2,6,1,6,1,1,4,3,3,3,4,2,1,5,5,2,3,1,2,4,4,3,6,5,5,2,5,2,4,6,7,5,1,2,4,6,7,5,6,3,4,5,4,5,5,4,1,6,2,3,5,4,1,3,2,4,3,5,4,1,5,2,3,3,2,1,6,2,3,3,7,2,5,1,3,3,3,1,4,6,3,4,3
364,2,4,6,4,6,1,4,4,6,2,4,5,4,2,4,3,6,6,4,2,5,5,7,2,3,3,4,2,5,4,3,5,6,2,5,2,6,4,6,4,4,3,1,6,6,6,2,4,5,5,5,3,6,1,6,5,6,4,5,4,3,4,3,2,5,2,2,4,3,6,7,2,5,3,2,4,3,2,2,2,3,4,7,4,4,2,3,5,3,5,5,6,5,7,4,6,1,3,7,2,4,4,3,3,3,3,2,3
365,6,3,3,2,2,7,3,2,4,3,4,5,5,6,3,2,4,2,3,3,4,6,3,4,2,2,5,1,5,5,6,3,2,2,3,2,2,5,7,5,5,3,7,5,1,1,2,3,5,6,1,4,4,2,4,6,3,1,2,3,5,3,7,3,5,2,4,6,5,5,4,4,2,5,4,4,4,2,4,1,6,6,1,2,2,4,4,4,2,3,7,5,3,3,5,5,5,1,7,5,5,2,3,5,4,3,1,5
366,3,6,5,7,4,5,4,3,4,3,4,6,3,7,5,5,3,3,6,2,3,4,4,2,4,2,4,4,4,4,3,4,2,3,2,2,5,3,5,5,5,2,2,3,4,6,3,6,3,6,4,5,3,3,3,7,2,4,1,4,2,3,3,3,3,2,2,4,3,5,4,4,7,2,4,4,3,2,2,2,3,3,4,6,3,3,2,3,4,3,5,6,3,5,6,7,2,4,7,4,4,4,3,4,3,3,2,2
367,1,4,5,6,1,4,6,7,6,3,4,6,3,4,2,3,3,3,3,1,7,5,2,4,3,1,3,4,5,2,3,6,3,4,4,7,5,3,4,5,5,5,3,5,4,2,3,5,6,6,3,3,5,3,3,4,2,2,7,3,2,4,5,4,3,2,6,2,3,4,6,5,4,1,4,2,6,6,2,4,7,1,1,7,4,3,2,5,4,2,6,2,6,6,3,3,3,4,2,4,2,5,3,2,6,3,2,4
368,1,6,6,6,1,3,2,7,2,4,2,4,5,5,6,3,6,6,3,1,6,5,4,2,4,5,3,2,5,1,2,5,4,1,3,3,5,5,7,4,3,5,6,4,5,7,3,6,3,4,2,2,3,3,5,5,1,1,1,6,3,2,7,3,2,4,4,5,3,3,5,1,5,2,3,1,3,2,6,2,3,2,7,1,3,3,4,6,4,7,6,5,1,5,2,4,2,5,2,3,6,2,2,2,2,3,7,2
369,2,3,3,6,6,3,5,5,4,1,6,3,5,3,7,4,5,6,7,4,3,4,6,2,2,3,6,4,2,3,5,6,4,4,2,3,3,3,3,6,4,7,2,4,5,7,4,4,5,3,2,4,5,2,6,6,6,2,5,2,3,2,4,2,2,1,3,2,1,6,5,4,5,2,2,3,2,3,4,5,7,2,5,2,2,3,2,5,4,6,5,6,4,4,2,3,2,4,7,3,4,4,2,4,5,2,7,2
370,4,2,5,3,2,4,2,1,5,3,2,3,3,5,7,5,4,5,5,2,5,7,3,2,6,1,2,4,5,3,4,4,4,4,2,6,7,2,3,4,5,3,4,6,4,3,2,2,4,5,3,1,7,3,6,3,4,3,1,2,4,3,7,1,5,5,3,4,4,6,3,2,2,1,4,3,3,4,4,2,3,4,7,6,5,2,1,6,2,3,6,3,6,6,3,6,1,7,7,3,5,4,2,2,5,2,1,3
371,5,3,6,6,6,3,6,1,5,3,6,5,4,1,6,2,4,5,4,2,5,6,1,3,4,1,2,3,7,3,6,3,2,3,2,5,5,3,1,5,3,2,2,4,3,2,2,5,2,3,2,3,5,3,6,6,3,2,3,6,2,4,1,2,2,5,3,5,1,3,3,4,2,3,1,4,4,1,3,7,2,6,2,6,3,2,3,5,4,4,2,4,3,6,4,5,1,6,2,1,3,2,5,3,3,1,7,3
372,3,3,6,4,6,3,5,5,4,2,5,4,5,2,7,2,3,5,5,3,5,5,4,5,6,2,4,6,3,3,6,3,5,4,4,4,4,2,6,4,6,4,2,4,4,3,3,6,2,3,2,2,4,2,4,3,4,5,2,5,3,2,5,4,2,2,3,6,4,6,1,2,1,3,3,3,5,4,2,3,4,4,5,3,3,1,4,6,6,2,2,6,2,4,1,4,2,1,2,4,6,4,1,3,5,2,3,3
373,3,1,4,3,2,5,5,3,6,2,4,4,3,1,3,3,5,6,6,2,3,7,5,2,2,6,3,3,3,2,2,5,5,3,4,5,5,2,2,7,4,6,4,6,3,5,3,4,6,7,5,3,5,3,6,6,4,2,3,6,6,7,5,1,3,2,4,5,2,3,5,3,1,2,3,4,5,2,4,3,2,3,3,5,2,1,5,3,5,2,7,5,6,4,5,5,2,7,2,4,3,5,5,2,2,3,7,2
374,2,5,2,6,3,6,4,3,5,2,5,4,4,3,6,7,3,6,5,4,4,7,5,3,2,5,5,4,5,3,3,4,4,1,1,4,1,2,4,6,6,3,4,7,4,7,2,4,6,6,4,4,7,4,4,4,1,2,7,2,4,3,1,4,2,2,6,4,4,4,6,2,4,2,4,2,2,1,1,1,7,3,6,2,3,2,4,3,6,3,6,7,7,5,4,3,2,3,6,2,3,2,3,3,7,3,1,5
375,6,2,6,2,1,4,4,7,4,1,3,7,4,1,1,6,5,2,6,2,4,5,3,3,1,2,5,5,5,1,1,4,3,1,2,1,4,4,5,7,4,5,5,4,1,4,2,6,3,5,3,4,5,1,4,5,5,2,4,5,5,2,3,1,5,3,2,3,2,5,4,2,3,2,5,4,3,3,5,6,7,1,6,5,2,6,2,5,4,5,7,4,5,1,6,4,2,4,1,3,2,3,3,4,5,3,5,2
376,4,3,6,5,2,4,6,7,5,4,4,5,1,2,2,4,4,3,4,4,4,3,1,2,6,3,5,2,5,4,2,5,3,2,3,3,2,3,3,6,4,5,6,5,7,6,1,5,3,6,3,7,4,4,4,3,5,4,3,6,6,5,4,4,3,2,5,5,5,3,2,4,1,5,3,4,3,3,2,4,7,4,3,3,3,4,4,6,5,3,6,6,4,3,7,2,3,2,5,5,4,4,2,3,3,3,6,4
377,1,3,5,5,3,3,5,5,2,2,4,4,4,2,5,2,6,5,4,4,6,1,6,3,4,2,3,2,5,3,5,6,5,4,4,6,4,2,3,5,4,3,5,1,6,5,2,3,5,4,2,2,3,3,4,3,3,2,1,3,3,1,4,4,7,4,4,4,2,4,3,3,7,2,4,5,5,6,2,4,4,2,5,3,3,1,4,2,5,4,4,5,4,4,4,4,2,4,4,4,5,4,2,4,5,4,7,3
378,2,2,3,4,3,1,2,7,2,1,3,2,4,2,5,5,5,4,5,2,5,3,5,1,6,4,6,4,3,4,3,4,4,4,4,6,6,4,7,4,6,6,2,7,5,6,2,1,6,3,1,5,6,6,3,4,4,1,2,4,4,2,3,2,6,4,4,5,3,5,5,6,1,4,3,2,1,3,2,6,6,3,7,5,5,7,2,2,5,3,3,6,5,5,6,2,1,3,5,3,2,5,3,6,6,3,2,4
379,6,3,4,2,7,2,3,3,3,5,4,7,2,5,7,2,4,7,4,2,5,6,1,2,2,1,5,2,5,3,3,4,3,3,3,6,4,4,1,5,2,6,2,4,1,6,2,3,4,5,3,6,5,3,6,5,6,5,2,4,6,1,6,3,2,2,5,5,2,5,3,3,2,2,2,6,4,4,2,3,3,3,1,6,2,5,2,6,5,1,2,5,5,3,3,5,4,4,1,2,3,4,2,1,7,1,2,4
380,4,5,3,4,2,1,3,3,5,3,4,3,2,3,3,6,3,1,3,4,4,3,4,2,3,5,6,4,6,2,4,5,2,5,4,3,2,4,4,6,1,5,3,4,3,5,4,5,1,5,4,5,3,4,3,6,6,4,3,6,4,2,3,4,4,4,6,5,5,5,2,5,3,5,2,4,4,2,4,4,2,2,4,7,4,2,5,4,3,2,6,4,5,2,6,3,4,2,5,2,3,2,2,2,4,2,5,4
381,4,3,7,3,2,4,4,5,6,3,5,6,1,4,5,4,6,4,7,5,6,5,5,3,5,2,4,1,4,1,1,2,4,2,1,7,4,3,5,6,3,6,3,6,4,2,2,3,2,5,2,5,4,4,2,3,5,2,4,6,5,1,7,4,5,3,4,4,7,2,4,2,4,6,2,3,2,4,3,3,6,5,5,2,2,1,3,5,4,2,2,4,2,4,4,3,6,1,4,3,2,4,1,2,7,5,5,2
382,1,4,5,5,4,3,6,3,5,4,1,6,4,1,6,3,5,6,6,3,3,6,7,2,6,5,3,2,6,4,6,2,4,1,2,6,3,2,2,3,3,4,2,5,3,2,3,6,3,3,1,1,6,1,6,6,4,4,1,5,5,2,4,4,6,3,2,5,2,5,3,6,3,3,1,2,6,1,4,4,1,4,2,2,1,1,4,5,6,4,2,5,2,4,2,7,3,7,1,1,4,2,3,4,3,2,3,2
383,2,4,3,5,3,5,5,2,3,4,4,2,2,3,2,2,6,4,3,2,4,3,7,2,2,2,5,4,6,4,4,3,2,4,2,7,4,3,6,5,2,3,2,4,4,1,2,5,4,6,6,6,4,6,5,6,4,3,4,7,4,6,3,4,7,1,7,4,5,3,1,4,6,5,1,7,3,2,3,4,2,5,4,3,2,3,2,4,4,4,7,3,5,3,6,3,2,1,4,3,4,2,4,4,5,2,5,2
384,5,2,4,5,3,1,3,4,5,3,4,3,3,4,2,2,3,4,3,3,2,6,1,3,6,3,5,4,6,1,3,4,3,2,2,3,3,4,2,6,1,6,1,3,3,5,4,5,3,5,1,5,3,2,5,4,6,3,4,3,2,3,6,4,2,1,3,2,4,5,2,3,4,1,5,2,6,2,2,2,1,3,6,4,1,5,2,4,3,4,1,5,3,5,6,7,3,3,4,3,1,1,3,4,4,1,7,3
385,4,5,5,5,6,2,4,2,3,3,7,3,1,5,4,3,6,5,3,2,2,4,3,2,2,3,4,3,2,2,2,2,2,4,1,4,5,4,4,3,4,4,4,1,2,2,3,6,4,4,4,2,2,3,3,2,3,3,2,4,3,3,4,4,4,2,3,3,1,4,4,1,4,5,4,5,3,3,2,2,1,7,7,6,4,4,2,2,3,4,6,4,3,5,1,4,2,4,2,4,2,3,2,5,5,3,1,5
386,2,2,1,6,6,3,6,4,3,3,4,4,3,3,5,5,5,3,2,3,5,3,3,6,3,3,3,6,5,3,5,2,3,4,2,2,3,4,2,7,4,3,2,2,4,6,4,5,6,4,3,2,2,6,4,3,3,1,1,5,5,2,5,5,3,3,4,6,2,6,6,2,1,5,2,3,3,5,3,3,2,3,3,7,4,4,4,3,3,5,3,4,5,5,3,6,4,2,4,3,4,2,3,4,7,3,1,3
387,4,4,6,3,7,1,6,1,6,3,5,4,5,3,5,2,4,6,4,4,7,6,2,3,1,4,2,3,5,3,4,6,1,4,1,5,3,5,3,7,4,5,2,6,1,1,4,4,3,4,3,3,5,1,4,6,5,3,6,6,5,3,5,1,4,5,3,6,1,4,4,2,6,1,2,4,6,2,2,3,1,3,2,5,3,6,1,4,4,2,4,4,4,2,3,5,1,5,4,2,1,5,1,2,4,1,2,1
388,4,5,6,6,3,1,4,6,6,2,6,4,3,1,7,1,7,3,7,3,3,5,2,5,1,3,4,1,5,3,5,4,3,2,3,1,6,3,5,7,4,4,5,4,4,4,2,7,6,6,2,3,4,2,4,1,3,1,3,2,6,2,2,1,2,3,3,6,4,5,4,1,4,4,2,6,3,2,2,7,2,2,6,4,5,2,2,5,5,3,5,3,5,6,2,1,4,1,4,3,3,2,3,3,6,2,4,4
389,5,3,6,5,3,4,2,7,4,2,5,6,4,6,6,3,4,7,6,2,5,3,7,4,3,1,5,4,4,4,2,2,3,1,4,6,7,2,6,3,2,4,4,4,1,7,3,5,4,4,3,1,4,2,3,6,5,6,7,2,5,4,7,3,6,3,5,3,1,3,5,3,4,2,2,7,7,4,4,4,1,4,6,3,2,1,3,2,2,3,2,3,3,5,1,4,1,7,3,3,4,5,5,3,5,2,2,2
390,4,4,3,2,1,3,5,2,6,6,6,4,2,2,3,3,3,6,1,1,3,4,2,6,6,5,1,3,2,3,4,3,2,3,1,1,6,3,6,6,4,6,3,5,6,3,2,5,4,4,2,4,6,4,4,4,2,4,3,5,5,4,7,2,5,4,6,6,4,4,4,4,2,3,1,3,6,4,5,3,5,3,3,4,3,6,4,6,5,4,7,3,5,6,2,5,5,5,6,2,2,4,3,4,2,4,7,3
391,3,5,6,4,4,4,5,1,7,1,2,6,5,2,2,1,6,1,5,3,1,3,2,2,3,1,3,2,6,5,4,6,5,3,3,3,5,2,5,2,4,3,2,6,3,4,3,4,5,4,1,4,6,2,6,6,7,4,4,3,2,1,4,2,2,3,6,5,4,5,6,2,3,3,5,6,4,2,3,3,7,4,6,4,3,7,2,5,3,3,6,5,3,6,5,5,4,6,1,1,4,4,4,4,6,5,6,2
392,4,5,3,3,3,5,2,2,4,3,6,5,3,6,4,3,5,4,5,6,4,4,1,6,2,2,4,5,4,2,4,7,3,5,2,7,4,2,6,7,5,6,3,4,5,4,2,6,5,4,4,2,4,2,5,7,3,1,4,3,5,1,2,4,1,4,5,2,3,6,5,4,6,2,4,4,4,2,3,5,6,1,2,4,4,6,2,7,6,1,5,3,4,5,4,5,2,1,1,2,2,3,2,2,2,3,5,3
393,2,3,4,6,4,3,4,4,3,3,5,4,1,3,5,2,6,6,4,2,5,5,1,1,2,1,3,1,5,2,5,5,3,3,2,5,3,4,7,2,2,6,3,4,5,6,4,4,6,2,1,2,2,3,5,7,4,2,5,5,5,4,4,3,3,6,2,4,1,4,5,5,3,1,4,5,6,3,5,3,4,4,3,4,1,1,3,6,3,5,6,7,7,3,1,5,1,4,5,3,1,3,4,2,2,2,2,5
394,3,5,5,4,7,3,3,3,5,4,1,4,5,1,5,7,6,4,4,2,6,7,5,2,3,3,3,1,4,2,2,3,3,1,2,2,5,2,2,5,2,4,3,4,2,4,2,6,3,5,2,4,4,5,7,5,2,2,3,5,5,2,4,4,1,4,5,4,3,3,4,3,6,3,4,5,2,2,3,4,6,3,6,5,1,5,2,7,4,3,5,6,6,6,3,5,3,2,3,2,3,3,4,2,1,1,1,5
395,3,6,3,6,6,4,4,6,4,1,6,3,2,5,4,4,5,5,7,2,5,3,1,1,6,2,4,4,5,3,2,5,4,3,3,1,4,2,4,5,4,6,5,4,5,3,1,5,3,5,3,6,4,3,7,6,5,5,7,4,4,2,6,5,3,3,5,5,2,5,4,2,5,1,2,5,4,2,5,2,1,4,5,5,2,2,2,2,4,2,7,5,5,4,5,5,2,5,2,3,3,2,3,2,3,3,5,2
396,3,5,3,5,7,2,7,6,4,5,5,6,3,5,7,3,7,6,5,1,5,7,5,3,4,2,2,2,6,3,3,5,2,1,3,3,6,3,5,6,3,5,2,6,4,5,1,6,6,3,2,3,6,3,5,4,7,3,4,4,3,1,4,5,5,2,4,5,3,3,6,6,5,3,4,5,2,4,1,2,2,3,1,4,4,5,2,2,4,2,4,5,5,7,1,5,1,4,5,3,2,3,3,2,5,2,2,5
397,3,2,2,4,7,4,5,5,2,2,3,6,3,1,5,4,5,5,6,2,4,5,3,3,6,4,3,2,3,2,4,4,4,3,2,6,5,3,5,5,1,2,3,5,3,1,2,4,1,3,2,1,4,1,4,2,4,2,4,4,4,1,3,2,7,3,3,4,3,6,4,4,5,4,2,4,4,5,4,3,3,2,6,5,2,6,2,7,3,5,3,3,5,3,4,3,4,2,2,3,2,4,3,3,4,2,2,2
398,4,4,5,4,7,3,5,5,5,6,4,5,1,5,1,2,6,5,2,5,3,7,5,2,1,3,2,1,4,5,3,5,6,2,1,1,5,3,4,5,3,5,3,4,2,5,3,2,4,1,2,3,6,3,5,5,6,1,7,6,7,3,5,2,7,5,6,5,4,4,5,6,5,3,1,6,5,2,2,3,6,6,1,4,4,1,4,2,5,3,5,4,4,4,5,6,4,6,4,3,1,2,2,2,4,3,3,1
399,5,3,7,3,1,2,5,5,4,1,5,5,2,6,5,5,4,7,7,1,3,2,5,3,2,3,3,3,3,3,2,4,3,3,1,4,3,2,3,5,4,5,1,3,4,4,3,3,4,6,5,5,6,3,5,5,4,5,7,5,5,4,7,1,3,4,5,4,4,4,6,3,4,1,6,4,5,4,2,2,1,2,4,3,5,5,3,5,6,5,2,5,3,3,2,7,4,6,1,3,1,3,3,3,4,4,3,5
400,4,7,6,5,2,3,4,5,3,5,5,3,3,7,7,3,4,3,4,1,3,4,2,5,4,4,5,1,6,4,4,4,2,6,4,7,3,4,3,3,3,4,3,1,7,4,3,4,5,4,3,4,6,6,6,5,5,2,3,4,2,4,5,4,7,1,5,7,4,6,4,2,2,1,2,4,5,4,4,6,2,1,2,2,3,1,1,2,6,4,2,2,4,2,3,3,5,2,5,2,4,5,3,3,6,5,3,2
401,1,2,6,6,2,2,1,1,3,1,5,7,2,6,3,6,6,6,6,3,6,6,4,4,3,3,4,2,5,2,2,4,4,3,2,4,5,4,4,6,1,4,5,7,4,4,3,6,4,6,4,6,6,1,6,5,5,5,6,6,6,1,4,1,2,1,5,6,2,5,3,2,5,4,5,6,3,4,2,4,4,3,2,6,3,5,1,6,7,4,5,5,4,5,6,6,2,5,1,5,4,3,4,2,5,2,7,1
402,4,2,5,2,3,2,6,6,5,3,4,4,4,6,5,4,3,4,4,3,2,5,3,3,1,3,4,3,4,5,4,4,6,2,5,3,6,4,2,2,2,4,3,5,6,6,2,4,6,2,5,3,6,2,5,3,3,2,7,6,6,1,4,5,3,3,7,6,4,4,5,3,7,3,3,6,3,3,2,3,7,3,3,5,6,4,2,4,7,5,4,5,2,5,3,4,2,7,5,3,3,2,3,3,7,2,4,3
403,6,6,6,1,2,3,5,7,5,3,5,6,3,5,5,2,2,3,4,5,4,3,7,3,4,5,5,3,3,2,4,5,1,3,3,2,5,2,5,4,1,2,6,5,7,1,2,3,6,3,4,2,2,2,5,4,5,3,1,4,5,3,3,4,7,3,4,6,3,5,5,5,1,3,3,5,6,2,2,6,7,3,5,6,2,7,2,4,4,5,6,7,5,3,6,4,2,5,5,2,2,5,1,6,3,4,6,2
404,2,3,6,4,7,4,6,5,4,3,4,6,4,1,5,2,7,4,6,2,3,4,4,3,4,2,5,4,5,5,5,4,3,1,2,3,4,2,6,6,6,5,3,5,5,5,2,6,6,2,4,5,7,1,7,5,6,2,2,4,3,5,5,3,5,2,3,6,2,4,5,3,2,2,3,7,5,3,3,4,2,3,1,3,1,7,6,2,6,5,5,5,3,5,3,4,3,6,7,3,3,2,3,3,6,1,7,4
405,1,3,7,5,7,2,6,4,4,2,3,6,2,5,6,2,4,3,6,2,6,3,4,3,2,3,6,3,6,2,1,3,2,2,2,7,7,2,6,4,3,6,2,3,4,5,1,4,5,5,4,1,5,4,4,5,6,2,1,2,2,4,6,1,2,3,5,3,2,7,2,3,4,3,1,6,4,1,3,1,6,1,2,3,2,2,2,4,6,3,4,5,2,6,1,6,1,4,2,1,1,1,2,3,6,2,3,2
406,2,4,6,1,5,1,3,7,5,4,6,6,2,6,4,3,5,6,4,3,7,3,2,1,4,2,3,3,4,2,2,5,3,2,3,6,4,5,4,4,2,3,2,7,3,1,4,4,5,6,3,2,4,3,4,4,7,5,6,6,5,3,5,1,4,1,5,2,4,3,1,3,2,2,3,2,6,2,3,2,5,3,6,5,2,5,2,6,2,3,5,4,6,7,2,6,2,3,3,3,2,1,3,2,2,4,3,4
407,4,2,5,6,2,3,5,5,4,2,2,4,4,5,6,3,2,6,3,4,5,6,6,3,1,5,6,4,4,2,3,3,2,1,2,6,2,2,4,5,3,4,5,2,5,7,3,5,2,6,2,2,7,3,5,3,2,3,5,7,4,2,2,1,4,3,4,6,3,5,2,4,1,3,2,6,6,3,2,3,1,1,4,1,6,5,5,6,4,3,1,4,2,2,1,4,5,7,2,3,3,4,1,1,6,3,2,3
408,1,3,6,4,5,1,4,5,6,1,5,4,3,5,5,3,4,4,6,3,4,3,6,2,1,3,4,2,6,1,1,5,2,5,4,7,7,5,3,7,4,3,2,5,5,4,2,6,5,5,2,2,5,3,4,7,3,3,2,4,6,2,6,2,2,2,5,5,1,6,5,4,5,3,4,6,5,4,3,3,2,2,7,3,3,1,2,5,6,4,6,5,6,5,1,7,2,5,2,3,3,3,6,2,4,3,7,1
409,4,2,7,5,7,4,6,3,2,3,3,4,2,4,4,1,4,5,3,2,3,3,1,2,3,3,2,1,2,3,3,4,3,4,5,2,2,4,7,3,3,6,2,6,5,5,4,2,7,4,3,2,4,4,5,4,6,2,1,6,6,4,5,3,2,4,5,4,3,5,6,2,5,2,2,5,4,3,2,3,7,3,4,6,4,1,2,6,6,5,2,4,4,1,2,4,4,2,1,3,3,3,3,2,5,2,2,2
410,4,3,5,4,2,1,3,7,4,3,6,5,4,3,3,6,3,6,5,2,6,3,4,2,4,2,4,4,5,1,2,5,2,2,4,3,2,2,4,6,4,5,6,4,3,6,2,7,3,2,4,5,4,1,5,6,5,2,1,5,2,4,5,3,3,3,5,6,3,3,3,1,6,4,3,4,2,4,5,2,6,2,1,2,2,6,3,4,2,3,3,6,6,2,6,4,2,2,6,4,2,1,3,3,4,4,1,3
411,4,3,3,2,3,3,5,1,4,6,5,5,5,5,3,6,3,4,5,2,4,6,2,7,4,2,4,1,3,5,4,6,6,4,2,6,5,2,2,6,3,6,1,5,7,4,3,4,5,3,6,1,6,3,6,3,4,3,4,2,2,3,2,3,3,4,4,5,5,5,7,6,5,4,3,3,2,3,4,4,5,2,3,3,3,4,3,2,6,3,3,1,3,3,3,3,4,5,6,2,2,1,3,4,2,4,2,2
412,4,3,3,4,2,2,6,2,5,4,4,4,4,7,6,3,6,6,6,4,7,3,2,4,1,2,4,3,4,5,3,6,2,5,4,7,6,2,4,3,2,4,2,4,2,7,1,3,1,4,3,4,6,1,3,3,5,4,1,4,4,1,6,2,3,4,4,3,1,3,3,5,6,2,3,7,5,5,2,6,1,4,4,4,4,4,5,5,6,4,2,3,3,6,4,6,2,2,7,4,1,1,3,3,6,2,4,1
413,4,7,6,7,2,2,4,3,2,2,2,5,2,3,5,3,4,7,5,2,5,5,7,4,2,3,6,1,6,3,3,4,4,3,3,5,3,3,5,7,1,6,2,3,1,3,4,5,2,6,4,1,4,3,3,4,4,2,3,3,3,2,4,2,1,2,6,6,4,2,2,2,3,4,4,7,6,4,3,4,1,2,5,6,2,6,2,7,5,3,4,5,6,3,4,4,1,3,7,5,5,3,2,2,5,5,6,2
414,1,1,6,5,7,2,5,7,4,2,4,4,2,1,5,2,6,4,4,2,4,4,1,2,3,2,5,4,5,2,2,6,3,3,1,1,4,5,1,6,1,5,2,6,3,5,4,6,4,5,3,3,7,2,5,6,6,6,7,7,5,3,6,1,2,5,5,3,3,4,3,3,1,3,2,5,4,5,3,2,5,1,2,6,4,6,1,4,5,3,7,4,7,5,4,5,5,6,1,3,3,3,4,3,4,1,1,6
415,2,4,4,7,4,6,5,7,4,3,4,4,3,4,7,4,4,6,2,3,3,3,5,4,5,3,5,2,5,2,4,5,3,3,2,1,3,3,7,5,2,5,2,2,2,1,1,6,3,5,2,2,3,4,3,2,5,2,4,5,3,5,5,5,2,1,5,5,4,5,1,3,4,4,2,1,4,4,3,3,3,2,6,4,2,3,4,6,2,4,6,6,3,1,2,5,5,7,7,2,5,4,4,2,7,3,4,2
416,6,6,3,6,1,5,6,7,5,1,5,5,5,5,6,2,5,5,2,3,3,6,4,5,3,5,1,4,5,2,4,3,4,6,3,6,6,4,6,5,6,6,3,3,2,2,2,5,6,3,4,5,4,2,2,5,4,4,2,5,4,2,5,3,2,2,5,4,4,5,7,1,2,3,2,4,2,4,3,4,4,3,3,5,1,5,3,3,4,2,3,5,4,6,2,4,1,7,7,4,4,5,3,6,6,6,2,5
417,4,4,7,6,5,2,5,3,5,3,2,2,2,4,5,3,5,2,5,4,4,4,3,4,3,3,4,5,5,3,1,5,1,3,3,6,2,5,2,3,3,3,3,4,4,2,2,7,4,4,2,3,5,3,4,5,3,3,2,5,3,4,3,1,5,7,1,5,3,3,4,3,7,3,4,3,6,3,3,1,5,2,6,5,6,4,3,3,4,3,5,5,5,4,4,3,3,5,1,3,1,3,3,2,5,4,3,1
418,4,3,6,3,5,4,5,3,5,1,4,3,2,2,5,3,5,7,3,1,3,4,3,4,7,3,5,2,5,4,3,5,4,1,1,7,5,3,1,5,2,3,4,6,2,6,2,6,3,4,4,1,4,1,6,4,5,3,2,7,7,4,3,3,3,4,5,6,2,6,3,2,7,6,2,2,6,2,1,3,5,6,7,4,3,6,3,3,3,2,2,5,4,4,2,4,4,2,6,3,2,2,3,4,6,4,1,2
419,2,3,3,5,5,2,3,6,4,1,4,5,2,4,6,4,5,6,5,1,6,7,1,6,5,4,5,4,5,3,4,5,4,2,2,6,2,2,1,7,7,6,1,5,7,5,5,4,3,4,3,3,5,3,5,5,3,3,4,4,4,2,4,3,4,3,4,5,1,4,5,7,1,3,3,4,3,3,5,3,2,1,7,2,4,2,3,4,3,3,7,5,6,4,7,4,1,7,2,1,1,2,3,5,5,1,1,3
420,2,4,2,6,7,5,5,7,4,2,5,3,2,4,4,4,3,4,3,4,6,5,4,2,4,3,5,2,6,2,2,3,3,5,4,5,4,3,2,6,5,5,3,4,3,4,5,3,3,3,2,1,5,2,3,2,4,3,4,4,3,2,5,4,2,2,3,4,4,4,3,1,1,5,4,2,5,2,4,2,6,4,7,5,4,6,2,3,6,3,3,7,6,7,2,4,3,3,4,4,3,1,2,5,6,3,7,5
421,5,3,7,2,2,2,1,1,5,1,2,4,2,6,4,5,2,6,7,5,5,4,4,1,3,3,5,2,6,2,3,6,2,4,4,7,2,2,7,4,3,5,2,5,2,4,3,3,5,5,4,4,6,3,5,7,4,4,3,4,4,6,2,4,4,2,5,5,3,6,5,4,5,3,2,5,4,6,3,6,1,1,7,4,4,7,6,6,2,4,4,4,3,3,4,1,4,2,5,7,3,3,3,1,3,5,7,2
422,3,1,1,5,6,7,2,2,3,3,6,2,2,3,6,5,4,5,2,3,4,4,1,6,6,3,2,4,5,2,3,5,6,2,3,7,3,4,1,4,2,3,2,6,6,1,4,4,2,4,4,4,5,2,4,4,2,5,1,5,5,4,7,2,4,2,4,5,3,7,4,5,6,3,4,3,5,4,4,2,7,1,3,6,7,4,5,3,3,1,4,3,3,3,2,6,5,7,2,1,4,4,4,4,6,4,4,3
423,2,6,6,6,1,3,4,5,5,5,3,4,3,5,4,3,4,7,4,2,1,6,3,3,3,2,3,3,4,3,5,4,2,2,4,7,1,2,7,6,1,5,3,3,7,4,5,3,2,5,3,5,3,3,4,6,3,2,7,2,1,1,4,6,6,3,4,1,3,3,2,4,7,3,3,5,4,3,4,4,4,2,2,3,3,7,1,3,3,3,1,3,3,2,2,5,2,2,2,6,2,3,4,3,6,2,2,3
424,6,2,4,2,6,2,6,5,5,4,5,5,3,6,4,4,4,7,4,1,6,6,6,3,4,7,3,3,3,2,3,6,4,1,2,1,4,3,5,5,2,3,4,6,6,5,2,6,3,3,3,5,6,3,3,6,4,1,7,4,5,3,4,1,3,3,6,6,4,4,4,2,7,4,3,3,4,1,4,3,3,1,7,2,1,1,6,3,5,2,1,6,6,4,4,5,6,7,3,5,1,3,4,4,2,5,4,5
425,3,5,7,6,7,2,2,3,3,4,6,7,3,6,4,6,5,3,3,4,3,2,4,4,1,5,4,1,3,2,4,4,2,5,1,1,5,2,3,4,4,4,3,2,7,3,3,2,5,3,4,4,3,1,4,6,5,3,4,2,5,1,4,4,2,2,4,2,4,4,4,2,5,3,3,6,3,3,4,3,3,4,2,4,2,4,3,6,3,2,4,4,3,4,5,2,3,6,1,3,2,2,4,3,3,1,1,2
426,2,5,6,5,2,3,6,7,3,3,5,3,3,1,6,3,7,6,4,3,5,4,1,6,5,2,4,4,4,6,3,6,3,4,2,1,4,2,5,2,6,6,4,5,3,7,3,3,6,7,4,2,5,3,5,4,5,7,4,2,4,3,6,4,6,4,4,4,3,3,5,2,7,4,1,4,5,2,3,2,3,2,1,6,2,4,4,4,5,3,7,5,4,4,1,5,5,3,1,4,5,5,1,5,5,4,6,5
427,3,2,4,5,4,1,3,7,3,3,1,5,3,7,1,1,1,7,6,5,5,4,2,4,6,2,5,3,4,3,4,4,4,3,2,2,5,3,2,3,4,5,4,5,4,7,2,3,7,7,5,2,5,3,2,5,4,3,6,4,5,5,6,1,1,3,3,5,5,4,5,4,2,1,1,6,3,7,2,3,4,6,4,3,3,5,3,4,4,5,3,5,4,4,3,2,2,4,4,4,4,5,1,3,3,1,3,2
428,2,2,5,4,2,3,5,6,6,3,3,4,4,6,5,4,6,4,6,4,3,4,6,3,2,4,4,5,6,3,4,7,2,3,3,4,4,2,7,5,5,5,2,4,5,3,2,5,7,5,1,7,7,4,5,3,3,3,7,7,7,5,5,1,6,3,2,4,6,6,7,3,3,4,4,5,4,3,3,4,4,2,4,3,6,5,3,2,2,2,7,4,2,6,6,4,2,5,3,5,3,3,3,4,6,2,7,1
429,2,3,6,5,3,2,4,4,4,4,4,6,2,5,2,3,5,5,2,3,4,3,6,2,2,1,6,2,4,2,2,6,4,1,3,7,5,4,7,4,4,5,5,2,5,2,1,7,1,5,1,2,1,2,4,3,4,1,1,4,4,3,3,2,4,4,6,3,1,5,7,5,1,2,3,3,3,3,3,5,2,2,1,4,7,2,1,2,5,5,2,4,5,3,5,5,3,6,2,3,2,1,3,2,5,3,7,3
430,2,3,5,6,1,2,6,5,5,3,5,4,2,3,6,3,4,3,3,1,3,4,4,4,3,4,6,2,5,6,5,3,2,4,3,7,4,5,4,2,2,4,4,6,2,6,2,5,6,3,4,4,5,3,6,5,5,3,6,4,4,3,4,5,5,3,4,2,2,5,5,2,3,3,3,5,5,4,3,5,1,4,2,3,2,7,1,4,5,7,6,6,4,5,3,5,2,5,4,4,2,3,3,3,3,2,5,3
431,2,3,4,4,2,5,4,4,3,2,3,5,2,1,3,2,2,4,3,2,3,5,6,5,2,4,6,2,5,3,3,3,3,3,4,4,7,4,7,4,2,4,3,1,4,5,3,4,3,5,4,5,1,3,4,6,3,4,3,5,5,3,3,2,7,1,3,3,1,1,1,4,6,4,5,2,3,1,3,6,6,4,5,2,4,1,2,3,3,2,6,3,3,3,4,3,4,1,2,2,3,6,2,5,6,2,5,2
432,3,4,6,2,5,3,3,1,6,3,4,5,3,4,5,4,5,4,6,4,2,5,6,5,2,4,3,6,5,2,5,4,4,2,3,7,6,4,6,3,3,3,3,4,4,3,3,6,6,4,3,4,5,6,4,3,3,2,4,6,5,1,3,3,1,3,5,4,3,4,4,3,5,6,3,6,4,3,2,5,1,3,2,3,2,2,3,3,5,4,2,5,4,5,4,4,3,2,6,2,3,2,3,3,4,2,2,3
433,4,5,4,3,2,2,6,2,6,5,3,6,3,1,4,5,4,7,4,3,4,2,4,5,2,2,5,3,3,3,3,2,1,3,4,6,2,1,6,3,2,5,5,5,6,2,4,3,3,4,2,3,4,7,6,3,3,3,4,4,6,2,4,2,6,2,7,4,2,4,4,3,4,2,2,1,3,2,4,3,7,3,3,5,6,3,1,2,6,3,1,3,5,2,3,5,3,2,7,3,3,3,2,6,7,2,6,3
434,1,1,6,4,3,1,5,1,5,4,6,3,2,3,6,3,4,7,5,2,5,6,1,4,4,4,5,3,2,4,4,6,2,2,2,7,3,4,6,5,4,5,3,5,2,3,3,5,6,3,3,3,4,6,5,4,6,2,6,3,3,3,6,7,1,6,2,2,2,2,3,2,3,7,4,7,5,2,2,3,3,6,6,5,3,1,2,6,7,4,4,4,4,3,1,6,3,4,2,4,4,1,2,1,4,2,1,5
435,3,4,4,3,5,2,4,5,3,3,1,3,2,4,5,4,4,2,5,3,4,2,6,2,3,4,6,4,4,4,6,5,1,3,5,3,4,3,1,4,2,4,4,3,1,3,4,6,3,4,2,2,4,3,3,6,4,2,2,5,5,4,4,5,2,4,5,5,4,3,4,1,2,3,4,4,6,2,4,6,5,3,6,2,5,5,3,6,5,3,7,4,2,5,1,4,6,2,6,3,6,4,3,1,3,5,5,1
436,6,3,6,3,4,1,4,3,6,5,3,2,2,7,6,4,3,4,5,2,5,6,5,3,1,1,4,2,4,2,2,5,2,2,2,3,5,3,6,5,2,5,1,5,4,2,2,4,7,4,2,1,5,2,4,4,5,1,2,4,5,4,4,3,3,1,5,4,4,2,5,4,6,4,2,2,4,1,3,2,6,4,2,5,2,4,3,2,3,5,5,6,4,3,2,3,2,1,3,3,6,3,3,3,5,4,7,3
437,1,5,6,3,4,2,4,4,5,1,4,3,2,6,3,4,6,2,5,3,3,3,6,1,4,2,4,4,4,2,1,4,3,3,3,3,5,3,6,4,5,5,6,6,4,5,3,7,6,6,2,6,3,2,7,4,5,2,5,4,3,2,6,3,2,5,3,3,2,6,6,4,1,1,5,4,2,3,4,1,3,4,2,5,4,7,3,6,5,2,6,6,6,7,5,6,6,4,7,4,3,2,2,1,4,3,7,1
438,4,6,3,2,2,4,2,6,5,3,4,1,3,2,6,3,4,4,4,2,6,4,7,1,4,5,3,3,3,2,4,3,5,3,6,5,2,2,4,3,3,6,3,4,4,4,1,2,3,6,3,5,5,1,6,6,2,2,2,6,2,1,5,4,3,2,5,5,4,4,4,2,1,3,2,4,6,6,2,2,2,4,1,7,2,1,3,4,5,2,5,5,1,2,3,4,3,5,3,3,4,3,3,5,6,2,5,3
439,1,2,5,4,4,4,3,5,6,1,5,5,1,2,3,5,6,6,6,1,5,5,5,3,4,2,4,1,6,2,5,4,2,2,2,1,4,2,7,2,5,6,4,5,3,2,2,4,5,4,3,2,5,2,4,4,3,4,7,5,4,2,2,3,4,2,4,3,2,3,4,1,3,4,3,4,5,4,3,5,4,4,2,6,2,5,3,4,5,2,7,5,5,4,4,4,3,3,3,2,2,1,2,1,7,4,1,4
440,2,2,3,7,5,2,7,5,7,2,4,4,2,1,6,2,4,5,5,2,4,5,4,5,6,2,7,2,5,3,4,2,2,2,3,7,5,2,4,6,3,4,2,6,1,3,1,5,7,4,2,2,4,2,5,5,2,3,1,5,3,4,4,4,2,2,5,4,2,4,6,2,1,2,3,2,7,2,3,4,6,3,3,5,2,3,1,6,5,3,4,4,5,6,3,1,5,4,5,1,6,3,5,4,6,4,3,2
441,2,4,6,3,6,3,2,4,4,2,5,3,2,7,3,4,5,3,5,1,5,1,7,2,1,1,3,3,2,3,2,4,2,5,2,4,5,3,7,6,2,6,1,4,6,3,3,3,5,3,5,5,5,6,5,5,6,2,3,4,3,4,5,1,4,4,3,4,3,3,5,5,4,5,3,5,2,3,1,4,1,3,6,3,2,4,1,5,6,3,4,4,3,5,6,3,3,7,5,2,2,1,1,4,5,2,2,3
442,3,4,5,3,5,3,4,4,4,3,5,5,2,4,4,3,5,1,4,5,1,3,1,4,3,4,4,2,4,3,6,3,3,4,5,5,4,5,4,6,3,4,4,5,4,1,5,5,3,2,2,1,4,2,4,2,5,3,6,6,3,6,3,6,2,2,5,7,2,4,3,3,3,1,2,6,7,2,4,6,5,5,7,1,2,4,2,6,4,5,4,5,4,4,3,4,3,1,1,2,3,3,4,4,2,4,6,4
443,1,3,2,5,5,3,5,2,5,4,1,5,2,5,7,3,6,6,4,2,5,6,5,4,3,1,7,5,5,2,4,5,2,5,4,3,4,4,5,6,3,4,2,6,2,4,3,2,2,3,2,3,3,3,6,3,5,2,2,5,5,2,4,3,2,1,6,6,2,4,5,4,7,4,3,5,3,3,3,4,4,2,7,4,4,6,3,5,6,2,2,4,5,2,1,5,4,1,6,3,3,1,3,5,5,3,4,2
444,1,3,4,7,1,3,6,5,4,4,3,4,1,7,6,3,4,4,5,1,4,4,1,5,3,4,4,4,4,2,3,7,2,4,4,1,4,2,5,7,1,5,2,5,6,5,4,6,3,1,1,3,3,2,7,6,6,2,4,6,6,2,7,3,2,4,7,4,3,5,3,2,2,3,4,5,7,4,4,1,6,2,7,6,4,7,5,6,3,2,3,3,5,3,1,5,2,5,3,2,3,4,2,3,6,2,2,6
445,5,2,6,7,7,2,4,3,3,5,4,4,5,1,4,3,5,4,6,2,6,3,6,3,3,4,2,5,3,2,2,4,5,3,2,1,2,3,6,2,3,5,1,3,7,4,3,3,5,3,2,1,4,3,5,6,4,4,6,2,3,3,4,5,3,1,4,2,3,3,5,3,6,3,5,6,5,2,1,2,2,2,5,5,2,3,1,4,2,5,1,4,4,2,4,3,2,6,1,1,3,2,3,4,3,2,1,2
446,2,2,3,4,1,2,3,6,2,2,6,5,5,2,5,3,6,3,3,3,6,5,4,7,4,4,5,3,5,5,3,6,3,3,2,4,6,3,6,4,3,4,3,5,2,1,2,7,2,1,3,5,4,3,5,5,4,2,6,4,3,2,5,5,6,2,4,3,2,6,1,3,5,2,4,3,4,1,4,1,3,4,3,6,5,1,1,3,6,5,4,2,6,3,5,5,1,5,3,3,4,4,4,5,6,4,6,2
447,5,3,4,4,7,4,5,4,2,4,4,4,2,2,4,4,1,7,2,3,5,2,1,4,2,7,7,2,5,3,3,5,2,2,1,5,5,3,3,3,1,5,2,5,7,6,2,4,6,4,2,1,5,3,2,4,5,3,2,4,3,4,4,3,6,7,5,3,3,2,6,3,6,1,5,7,5,2,1,3,5,2,2,5,4,2,2,4,3,3,1,3,4,5,1,3,5,5,4,4,2,3,6,6,3,4,7,4
448,2,3,3,5,7,3,4,7,5,3,4,5,1,7,5,4,4,5,5,3,5,4,1,6,2,2,3,2,6,6,3,4,3,5,3,7,4,2,1,4,3,6,3,3,7,4,3,2,3,5,3,4,4,1,4,4,4,4,6,3,5,2,3,4,2,2,6,3,3,4,3,3,1,2,3,4,4,2,2,4,6,4,1,4,6,5,2,3,4,3,4,2,3,1,5,4,5,2,6,3,4,1,4,3,3,4,4,2
449,7,4,6,5,3,3,5,2,5,4,7,5,4,2,5,5,2,7,4,2,5,3,2,6,2,1,4,3,5,4,3,5,1,2,2,2,2,3,4,4,2,4,2,4,7,6,1,5,1,6,3,3,3,4,4,7,4,2,3,3,4,1,3,4,5,2,5,3,3,4,3,5,7,3,3,7,5,5,2,4,7,3,4,4,3,4,5,5,5,3,7,5,3,2,2,2,5,7,3,1,2,3,3,4,4,3,5,4
450,3,2,4,6,3,5,2,3,1,3,3,2,2,5,5,4,3,5,4,2,7,3,6,3,2,3,6,2,6,4,5,4,1,1,2,1,2,2,6,7,2,4,4,6,3,5,4,3,5,3,5,2,6,2,2,6,7,1,4,2,2,3,5,3,5,6,6,3,4,1,5,2,5,1,4,6,3,3,2,4,2,2,5,3,3,2,3,4,6,4,3,4,6,3,2,3,5,2,2,2,3,2,4,2,5,3,7,4
451,7,1,3,6,7,7,3,5,4,4,4,6,6,7,4,3,2,2,6,3,4,2,5,2,4,4,3,5,7,1,5,2,2,3,2,3,4,3,6,6,6,5,3,6,7,1,4,3,2,5,3,5,4,5,5,4,5,2,4,6,4,4,3,5,3,5,3,4,4,5,2,5,3,5,2,4,5,3,4,5,6,3,6,7,1,2,1,5,2,3,6,3,6,4,4,5,4,2,6,1,4,2,4,4,3,1,3,2
452,2,2,2,5,6,6,2,6,3,2,6,6,4,4,2,2,6,2,5,2,5,5,7,2,2,3,6,1,3,3,2,4,1,4,3,6,6,3,4,5,1,4,5,6,4,5,1,5,5,4,3,6,5,3,5,5,5,2,5,5,4,2,6,4,6,2,3,4,4,7,4,5,2,4,5,6,6,4,3,4,6,3,1,3,2,3,6,4,4,1,3,4,3,7,7,5,3,6,2,3,3,4,2,5,2,3,4,3
453,2,1,6,5,1,2,3,5,5,3,5,4,4,1,4,4,6,1,3,3,6,6,7,3,3,4,6,3,6,4,2,6,4,1,2,2,5,3,3,6,2,4,2,7,5,2,2,7,2,4,2,4,6,2,4,4,4,1,1,4,3,5,6,2,1,3,4,4,2,3,3,2,6,3,2,7,4,3,1,4,4,2,7,5,3,4,3,7,5,2,6,6,4,4,5,6,3,4,2,1,7,2,3,2,4,2,5,3
454,2,3,3,6,7,1,4,6,3,3,2,7,4,6,4,6,4,3,5,1,6,5,6,4,4,5,5,2,1,2,3,3,2,3,5,7,2,3,3,3,1,4,5,6,5,3,3,5,4,3,1,4,2,3,7,5,3,4,6,7,6,7,5,4,2,3,3,4,4,2,3,3,1,2,1,4,2,3,5,1,4,2,6,3,6,2,3,7,4,4,3,4,2,2,2,5,3,6,1,5,4,3,6,3,3,2,3,3
455,3,2,5,5,5,3,5,1,5,3,3,3,2,7,4,3,6,4,2,3,4,5,7,1,3,2,4,3,5,3,3,4,3,2,1,5,5,1,3,5,6,3,3,4,3,1,3,4,5,5,3,4,6,5,6,3,5,6,3,5,5,3,3,2,2,2,3,5,2,3,6,4,1,5,1,3,4,4,2,5,3,2,3,5,3,6,2,5,5,4,4,4,5,4,5,3,2,6,5,1,5,3,4,4,3,3,3,2
456,3,2,6,6,5,3,3,2,5,4,5,4,3,1,5,4,5,4,5,1,5,5,5,5,5,2,5,3,3,3,1,7,3,4,4,2,6,4,6,6,3,4,4,7,7,1,2,6,3,4,1,5,7,2,3,5,4,1,2,2,3,1,7,2,2,3,4,1,2,6,5,2,1,2,2,4,5,3,3,1,5,2,5,7,2,3,4,7,3,4,6,4,5,6,3,5,2,4,6,4,4,3,3,3,4,3,5,3
457,5,4,6,4,6,1,6,7,6,4,5,5,3,6,2,2,4,2,3,3,6,6,1,1,4,3,6,3,4,2,5,3,2,1,3,1,5,4,1,4,3,4,2,5,3,1,3,5,6,4,2,3,5,3,5,2,3,3,6,6,5,3,6,2,4,2,6,3,3,6,6,3,6,2,2,4,5,6,1,3,4,5,5,3,4,3,3,3,6,2,6,3,4,6,5,5,3,1,3,1,6,2,3,4,5,2,1,2
458,3,3,5,4,7,4,2,4,5,2,5,4,3,1,3,4,6,5,7,4,6,6,7,3,4,3,7,3,4,2,3,4,2,3,4,5,7,2,3,6,5,4,3,5,6,5,4,3,5,6,3,4,5,2,3,5,4,2,7,4,2,2,4,3,5,4,3,3,4,4,6,3,6,3,4,2,3,2,4,2,5,4,5,5,4,7,3,5,5,3,6,4,4,5,4,6,3,5,5,1,4,3,3,3,5,1,5,4
459,3,3,3,7,6,6,3,7,5,4,6,4,3,2,6,5,4,3,4,1,5,4,4,1,3,1,5,2,6,1,3,4,2,2,3,4,3,3,1,4,2,5,5,4,1,2,3,5,1,3,3,3,3,1,4,1,5,4,5,2,4,4,4,2,4,1,5,4,3,5,2,5,7,4,3,5,4,2,3,4,5,3,5,5,3,3,3,5,5,3,6,6,3,1,3,3,2,5,4,3,3,5,1,3,4,4,7,3
460,2,4,3,4,3,5,6,3,2,2,5,3,3,6,6,6,5,5,5,3,3,4,5,4,1,4,3,3,5,3,5,4,3,6,4,6,7,4,2,5,2,2,1,6,6,2,2,5,3,4,2,2,6,4,6,5,5,2,7,5,5,4,2,3,1,2,5,5,3,6,2,3,2,3,1,6,2,1,5,5,6,3,3,4,2,5,2,5,3,1,5,6,3,7,2,3,4,5,4,1,2,1,5,2,4,3,3,2
461,5,1,6,7,2,2,5,1,4,4,6,6,5,3,3,2,2,4,5,1,4,3,7,3,3,3,4,3,4,4,2,5,3,1,1,6,5,1,6,2,2,4,4,6,2,5,3,4,7,4,2,4,5,1,6,5,5,1,5,4,3,3,6,3,3,1,4,5,5,2,5,2,6,1,2,2,3,4,4,2,5,2,7,5,4,7,2,3,3,5,6,6,5,6,6,5,4,4,2,4,2,5,2,4,7,4,6,2
462,4,3,2,5,6,1,5,6,4,3,5,6,3,5,7,3,4,4,3,2,6,6,1,4,3,2,6,3,3,1,2,7,2,1,1,2,4,5,7,3,4,5,5,2,1,3,1,3,7,3,3,2,5,4,4,3,4,2,7,5,4,2,3,4,3,6,5,4,3,4,5,4,7,3,4,6,2,2,1,3,4,4,3,2,3,7,4,6,4,3,6,4,3,3,1,5,3,2,4,3,5,1,4,3,4,2,7,2
463,2,4,6,4,7,3,4,4,5,1,6,5,3,5,7,6,5,6,5,3,4,4,7,4,5,2,5,4,6,3,2,5,5,3,4,6,6,1,1,7,3,3,2,6,6,3,1,5,5,3,3,2,6,2,5,2,3,3,4,3,3,3,7,1,2,1,6,5,3,5,6,5,6,4,2,3,6,1,5,2,1,4,7,3,3,3,3,6,4,4,7,3,2,6,1,4,2,7,5,3,2,4,4,3,3,4,4,2
464,4,1,5,6,2,1,3,6,4,2,5,5,5,4,4,3,5,6,5,5,4,4,2,1,2,3,5,5,3,6,4,6,4,2,1,5,3,2,3,4,4,3,2,5,7,1,3,5,5,2,3,5,5,2,3,2,4,4,7,5,7,4,5,4,4,4,4,5,2,3,4,2,6,5,3,6,3,2,1,3,7,2,2,4,5,3,2,5,2,2,3,2,4,3,4,4,1,3,2,2,2,4,2,3,2,1,2,4
465,3,4,6,6,2,4,3,3,4,2,4,6,3,3,5,6,4,6,3,4,5,6,2,3,3,2,4,4,5,2,6,3,2,2,4,7,3,2,6,3,3,6,7,2,1,2,2,5,3,2,3,4,3,6,4,5,5,4,3,2,5,5,3,3,3,2,5,2,2,2,4,4,6,5,5,6,4,3,2,5,3,4,2,3,2,5,2,6,6,3,7,5,3,4,3,3,3,2,7,3,3,3,4,2,7,3,4,4
466,3,3,5,5,4,4,3,2,4,2,4,3,5,1,4,3,3,6,2,3,2,1,5,3,3,3,2,3,4,4,3,6,1,3,2,1,3,2,3,7,4,4,5,4,6,7,2,2,6,3,3,3,1,5,3,5,5,4,6,2,4,4,5,5,1,5,4,4,3,3,7,1,2,3,1,6,6,2,3,2,3,4,5,2,3,7,3,6,5,2,5,2,4,2,2,5,3,2,4,4,3,3,2,4,5,1,4,3
467,3,3,4,4,4,2,5,2,6,2,7,5,2,7,3,3,4,3,5,2,5,3,3,5,2,5,6,3,4,3,7,3,3,1,2,6,5,3,5,4,3,5,1,6,5,2,4,6,5,5,4,2,6,1,6,3,3,1,7,6,5,1,2,1,1,4,6,6,5,2,5,2,4,2,5,5,3,4,1,6,1,1,2,7,4,7,2,6,3,3,3,4,6,4,6,4,3,1,7,1,3,2,2,3,4,3,2,4
468,5,4,3,2,2,4,3,5,4,3,3,4,4,7,3,5,2,2,2,1,2,5,5,3,4,3,2,4,3,2,4,3,2,1,2,3,7,3,5,3,1,4,3,5,3,5,2,3,6,6,3,2,6,1,5,6,6,3,7,6,5,5,3,6,7,4,6,5,4,3,2,4,5,1,2,3,3,2,2,1,5,4,4,5,3,3,2,5,6,3,2,5,6,4,2,4,3,7,2,2,2,3,3,1,4,2,5,3
469,2,7,1,7,7,3,7,6,2,1,3,2,1,1,1,2,5,3,5,4,4,5,4,3,1,4,6,2,2,4,7,5,1,2,4,2,5,4,1,6,6,5,3,3,2,2,3,5,7,6,3,1,2,2,6,5,4,2,6,5,6,3,3,3,6,4,5,4,5,4,7,5,7,3,3,6,4,3,3,2,4,1,3,2,2,1,4,6,5,1,7,2,3,6,4,4,7,5,1,4,3,3,1,4,5,3,4,2
470,1,3,3,7,3,4,5,2,4,2,5,6,2,7,6,4,3,6,7,3,5,6,5,3,5,3,4,2,7,2,1,6,4,4,2,6,6,5,3,6,3,6,1,6,4,5,1,5,4,2,3,5,4,4,7,6,3,3,7,5,5,4,4,3,2,3,4,6,6,6,4,3,2,4,2,4,3,3,2,1,6,1,7,5,5,7,2,5,4,3,6,3,5,6,2,4,3,6,2,2,4,3,3,4,5,4,1,3
